ademe_objet,ademe_index,mt_name,mt_id
TREMPLIN pour la transition écologique des PME,0,Financer vos projets de transition écologique avec les aides financières du guichet « Tremplin pour la transition écologique des PME »,44
TREMPLIN pour la transition écologique des PME,1,Financer vos projets de transition écologique avec les aides financières du guichet « Tremplin pour la transition écologique des PME »,44
TREMPLIN pour la transition écologique des PME,2,Financer vos projets de transition écologique avec les aides financières du guichet « Tremplin pour la transition écologique des PME »,44
TREMPLIN pour la transition écologique des PME,3,Financer vos projets de transition écologique avec les aides financières du guichet « Tremplin pour la transition écologique des PME »,44
TREMPLIN pour la transition écologique des PME,4,Financer vos projets de transition écologique avec les aides financières du guichet « Tremplin pour la transition écologique des PME »,44
TREMPLIN pour la transition écologique des PME,5,Financer vos projets de transition écologique avec les aides financières du guichet « Tremplin pour la transition écologique des PME »,44
TREMPLIN pour la transition écologique des PME,6,Financer vos projets de transition écologique avec les aides financières du guichet « Tremplin pour la transition écologique des PME »,44
TREMPLIN pour la transition écologique des PME,7,Financer vos projets de transition écologique avec les aides financières du guichet « Tremplin pour la transition écologique des PME »,44
TREMPLIN pour la transition écologique des PME,8,Financer vos projets de transition écologique avec les aides financières du guichet « Tremplin pour la transition écologique des PME »,44
TREMPLIN pour la transition écologique des PME,9,Financer vos projets de transition écologique avec les aides financières du guichet « Tremplin pour la transition écologique des PME »,44
TREMPLIN pour la transition écologique des PME,10,Financer vos projets de transition écologique avec les aides financières du guichet « Tremplin pour la transition écologique des PME »,44
TREMPLIN pour la transition écologique des PME,11,Financer vos projets de transition écologique avec les aides financières du guichet « Tremplin pour la transition écologique des PME »,44
TREMPLIN pour la transition écologique des PME,12,Financer vos projets de transition écologique avec les aides financières du guichet « Tremplin pour la transition écologique des PME »,44
TREMPLIN pour la transition écologique des PME,13,Financer vos projets de transition écologique avec les aides financières du guichet « Tremplin pour la transition écologique des PME »,44
TREMPLIN pour la transition écologique des PME,14,Financer vos projets de transition écologique avec les aides financières du guichet « Tremplin pour la transition écologique des PME »,44
TREMPLIN pour la transition écologique des PME,15,Financer vos projets de transition écologique avec les aides financières du guichet « Tremplin pour la transition écologique des PME »,44
TREMPLIN pour la transition écologique des PME,16,Financer vos projets de transition écologique avec les aides financières du guichet « Tremplin pour la transition écologique des PME »,44
TREMPLIN pour la transition écologique des PME,17,Financer vos projets de transition écologique avec les aides financières du guichet « Tremplin pour la transition écologique des PME »,44
TREMPLIN pour la transition écologique des PME,18,Financer vos projets de transition écologique avec les aides financières du guichet « Tremplin pour la transition écologique des PME »,44
TREMPLIN pour la transition écologique des PME,19,Financer vos projets de transition écologique avec les aides financières du guichet « Tremplin pour la transition écologique des PME »,44
TREMPLIN pour la transition écologique des PME,20,Financer vos projets de transition écologique avec les aides financières du guichet « Tremplin pour la transition écologique des PME »,44
TREMPLIN pour la transition écologique des PME,21,Financer vos projets de transition écologique avec les aides financières du guichet « Tremplin pour la transition écologique des PME »,44
TREMPLIN pour la transition écologique des PME,22,Financer vos projets de transition écologique avec les aides financières du guichet « Tremplin pour la transition écologique des PME »,44
TREMPLIN pour la transition écologique des PME,23,Financer vos projets de transition écologique avec les aides financières du guichet « Tremplin pour la transition écologique des PME »,44
TREMPLIN pour la transition écologique des PME,24,Financer vos projets de transition écologique avec les aides financières du guichet « Tremplin pour la transition écologique des PME »,44
TREMPLIN pour la transition écologique des PME,25,Financer vos projets de transition écologique avec les aides financières du guichet « Tremplin pour la transition écologique des PME »,44
TREMPLIN pour la transition écologique des PME,26,Financer vos projets de transition écologique avec les aides financières du guichet « Tremplin pour la transition écologique des PME »,44
TREMPLIN pour la transition écologique des PME,27,Financer vos projets de transition écologique avec les aides financières du guichet « Tremplin pour la transition écologique des PME »,44
TREMPLIN pour la transition écologique des PME,28,Financer vos projets de transition écologique avec les aides financières du guichet « Tremplin pour la transition écologique des PME »,44
TREMPLIN pour la transition écologique des PME,29,Financer vos projets de transition écologique avec les aides financières du guichet « Tremplin pour la transition écologique des PME »,44
TREMPLIN pour la transition écologique des PME,30,Financer vos projets de transition écologique avec les aides financières du guichet « Tremplin pour la transition écologique des PME »,44
TREMPLIN pour la transition écologique des PME,31,Financer vos projets de transition écologique avec les aides financières du guichet « Tremplin pour la transition écologique des PME »,44
TREMPLIN pour la transition écologique des PME,32,Financer vos projets de transition écologique avec les aides financières du guichet « Tremplin pour la transition écologique des PME »,44
TREMPLIN pour la transition écologique des PME,33,Financer vos projets de transition écologique avec les aides financières du guichet « Tremplin pour la transition écologique des PME »,44
TREMPLIN pour la transition écologique des PME,34,Financer vos projets de transition écologique avec les aides financières du guichet « Tremplin pour la transition écologique des PME »,44
TREMPLIN pour la transition écologique des PME,35,Financer vos projets de transition écologique avec les aides financières du guichet « Tremplin pour la transition écologique des PME »,44
TREMPLIN pour la transition écologique des PME,36,Financer vos projets de transition écologique avec les aides financières du guichet « Tremplin pour la transition écologique des PME »,44
TREMPLIN pour la transition écologique des PME,37,Financer vos projets de transition écologique avec les aides financières du guichet « Tremplin pour la transition écologique des PME »,44
TREMPLIN pour la transition écologique des PME,38,Financer vos projets de transition écologique avec les aides financières du guichet « Tremplin pour la transition écologique des PME »,44
TREMPLIN pour la transition écologique des PME,39,Financer vos projets de transition écologique avec les aides financières du guichet « Tremplin pour la transition écologique des PME »,44
TREMPLIN pour la transition écologique des PME,40,Financer vos projets de transition écologique avec les aides financières du guichet « Tremplin pour la transition écologique des PME »,44
TREMPLIN pour la transition écologique des PME,41,Financer vos projets de transition écologique avec les aides financières du guichet « Tremplin pour la transition écologique des PME »,44
TREMPLIN pour la transition écologique des PME,42,Financer vos projets de transition écologique avec les aides financières du guichet « Tremplin pour la transition écologique des PME »,44
TREMPLIN pour la transition écologique des PME,43,Financer vos projets de transition écologique avec les aides financières du guichet « Tremplin pour la transition écologique des PME »,44
TREMPLIN pour la transition écologique des PME,44,Financer vos projets de transition écologique avec les aides financières du guichet « Tremplin pour la transition écologique des PME »,44
TREMPLIN pour la transition écologique des PME,45,Financer vos projets de transition écologique avec les aides financières du guichet « Tremplin pour la transition écologique des PME »,44
TREMPLIN pour la transition écologique des PME,46,Financer vos projets de transition écologique avec les aides financières du guichet « Tremplin pour la transition écologique des PME »,44
TREMPLIN pour la transition écologique des PME,47,Financer vos projets de transition écologique avec les aides financières du guichet « Tremplin pour la transition écologique des PME »,44
TREMPLIN pour la transition écologique des PME,48,Financer vos projets de transition écologique avec les aides financières du guichet « Tremplin pour la transition écologique des PME »,44
TREMPLIN pour la transition écologique des PME,49,Financer vos projets de transition écologique avec les aides financières du guichet « Tremplin pour la transition écologique des PME »,44
TREMPLIN pour la transition écologique des PME,50,Financer vos projets de transition écologique avec les aides financières du guichet « Tremplin pour la transition écologique des PME »,44
TREMPLIN pour la transition écologique des PME,51,Financer vos projets de transition écologique avec les aides financières du guichet « Tremplin pour la transition écologique des PME »,44
TREMPLIN pour la transition écologique des PME,52,Financer vos projets de transition écologique avec les aides financières du guichet « Tremplin pour la transition écologique des PME »,44
TREMPLIN pour la transition écologique des PME,53,Financer vos projets de transition écologique avec les aides financières du guichet « Tremplin pour la transition écologique des PME »,44
TREMPLIN pour la transition écologique des PME,54,Financer vos projets de transition écologique avec les aides financières du guichet « Tremplin pour la transition écologique des PME »,44
TREMPLIN pour la transition écologique des PME,55,Financer vos projets de transition écologique avec les aides financières du guichet « Tremplin pour la transition écologique des PME »,44
TREMPLIN pour la transition écologique des PME,56,Financer vos projets de transition écologique avec les aides financières du guichet « Tremplin pour la transition écologique des PME »,44
TREMPLIN pour la transition écologique des PME,57,Financer vos projets de transition écologique avec les aides financières du guichet « Tremplin pour la transition écologique des PME »,44
TREMPLIN pour la transition écologique des PME,58,Financer vos projets de transition écologique avec les aides financières du guichet « Tremplin pour la transition écologique des PME »,44
TREMPLIN pour la transition écologique des PME,59,Financer vos projets de transition écologique avec les aides financières du guichet « Tremplin pour la transition écologique des PME »,44
TREMPLIN pour la transition écologique des PME,60,Financer vos projets de transition écologique avec les aides financières du guichet « Tremplin pour la transition écologique des PME »,44
TREMPLIN pour la transition écologique des PME,61,Financer vos projets de transition écologique avec les aides financières du guichet « Tremplin pour la transition écologique des PME »,44
TREMPLIN pour la transition écologique des PME,62,Financer vos projets de transition écologique avec les aides financières du guichet « Tremplin pour la transition écologique des PME »,44
TREMPLIN pour la transition écologique des PME,63,Financer vos projets de transition écologique avec les aides financières du guichet « Tremplin pour la transition écologique des PME »,44
TREMPLIN pour la transition écologique des PME,64,Financer vos projets de transition écologique avec les aides financières du guichet « Tremplin pour la transition écologique des PME »,44
TREMPLIN pour la transition écologique des PME,65,Financer vos projets de transition écologique avec les aides financières du guichet « Tremplin pour la transition écologique des PME »,44
TREMPLIN pour la transition écologique des PME,66,Financer vos projets de transition écologique avec les aides financières du guichet « Tremplin pour la transition écologique des PME »,44
TREMPLIN pour la transition écologique des PME,67,Financer vos projets de transition écologique avec les aides financières du guichet « Tremplin pour la transition écologique des PME »,44
TREMPLIN pour la transition écologique des PME,68,Financer vos projets de transition écologique avec les aides financières du guichet « Tremplin pour la transition écologique des PME »,44
TREMPLIN pour la transition écologique des PME,69,Financer vos projets de transition écologique avec les aides financières du guichet « Tremplin pour la transition écologique des PME »,44
TREMPLIN pour la transition écologique des PME,70,Financer vos projets de transition écologique avec les aides financières du guichet « Tremplin pour la transition écologique des PME »,44
TREMPLIN pour la transition écologique des PME,71,Financer vos projets de transition écologique avec les aides financières du guichet « Tremplin pour la transition écologique des PME »,44
TREMPLIN pour la transition écologique des PME,72,Financer vos projets de transition écologique avec les aides financières du guichet « Tremplin pour la transition écologique des PME »,44
TREMPLIN pour la transition écologique des PME,73,Financer vos projets de transition écologique avec les aides financières du guichet « Tremplin pour la transition écologique des PME »,44
TREMPLIN pour la transition écologique des PME,74,Financer vos projets de transition écologique avec les aides financières du guichet « Tremplin pour la transition écologique des PME »,44
TREMPLIN pour la transition écologique des PME,75,Financer vos projets de transition écologique avec les aides financières du guichet « Tremplin pour la transition écologique des PME »,44
TREMPLIN pour la transition écologique des PME,76,Financer vos projets de transition écologique avec les aides financières du guichet « Tremplin pour la transition écologique des PME »,44
TREMPLIN pour la transition écologique des PME,77,Financer vos projets de transition écologique avec les aides financières du guichet « Tremplin pour la transition écologique des PME »,44
TREMPLIN pour la transition écologique des PME,78,Financer vos projets de transition écologique avec les aides financières du guichet « Tremplin pour la transition écologique des PME »,44
TREMPLIN pour la transition écologique des PME,79,Financer vos projets de transition écologique avec les aides financières du guichet « Tremplin pour la transition écologique des PME »,44
TREMPLIN pour la transition écologique des PME,80,Financer vos projets de transition écologique avec les aides financières du guichet « Tremplin pour la transition écologique des PME »,44
TREMPLIN pour la transition écologique des PME,81,Financer vos projets de transition écologique avec les aides financières du guichet « Tremplin pour la transition écologique des PME »,44
TREMPLIN pour la transition écologique des PME,82,Financer vos projets de transition écologique avec les aides financières du guichet « Tremplin pour la transition écologique des PME »,44
TREMPLIN pour la transition écologique des PME,83,Financer vos projets de transition écologique avec les aides financières du guichet « Tremplin pour la transition écologique des PME »,44
TREMPLIN pour la transition écologique des PME,84,Financer vos projets de transition écologique avec les aides financières du guichet « Tremplin pour la transition écologique des PME »,44
TREMPLIN pour la transition écologique des PME,85,Financer vos projets de transition écologique avec les aides financières du guichet « Tremplin pour la transition écologique des PME »,44
TREMPLIN pour la transition écologique des PME,86,Financer vos projets de transition écologique avec les aides financières du guichet « Tremplin pour la transition écologique des PME »,44
TREMPLIN pour la transition écologique des PME,87,Financer vos projets de transition écologique avec les aides financières du guichet « Tremplin pour la transition écologique des PME »,44
TREMPLIN pour la transition écologique des PME,88,Financer vos projets de transition écologique avec les aides financières du guichet « Tremplin pour la transition écologique des PME »,44
TREMPLIN pour la transition écologique des PME,89,Financer vos projets de transition écologique avec les aides financières du guichet « Tremplin pour la transition écologique des PME »,44
TREMPLIN pour la transition écologique des PME,90,Financer vos projets de transition écologique avec les aides financières du guichet « Tremplin pour la transition écologique des PME »,44
TREMPLIN pour la transition écologique des PME,91,Financer vos projets de transition écologique avec les aides financières du guichet « Tremplin pour la transition écologique des PME »,44
TREMPLIN pour la transition écologique des PME,92,Financer vos projets de transition écologique avec les aides financières du guichet « Tremplin pour la transition écologique des PME »,44
TREMPLIN pour la transition écologique des PME,93,Financer vos projets de transition écologique avec les aides financières du guichet « Tremplin pour la transition écologique des PME »,44
TREMPLIN pour la transition écologique des PME,94,Financer vos projets de transition écologique avec les aides financières du guichet « Tremplin pour la transition écologique des PME »,44
TREMPLIN pour la transition écologique des PME,95,Financer vos projets de transition écologique avec les aides financières du guichet « Tremplin pour la transition écologique des PME »,44
TREMPLIN pour la transition écologique des PME,96,Financer vos projets de transition écologique avec les aides financières du guichet « Tremplin pour la transition écologique des PME »,44
TREMPLIN pour la transition écologique des PME,97,Financer vos projets de transition écologique avec les aides financières du guichet « Tremplin pour la transition écologique des PME »,44
TREMPLIN pour la transition écologique des PME,98,Financer vos projets de transition écologique avec les aides financières du guichet « Tremplin pour la transition écologique des PME »,44
TREMPLIN pour la transition écologique des PME,99,Financer vos projets de transition écologique avec les aides financières du guichet « Tremplin pour la transition écologique des PME »,44
TREMPLIN pour la transition écologique des PME,100,Financer vos projets de transition écologique avec les aides financières du guichet « Tremplin pour la transition écologique des PME »,44
TREMPLIN pour la transition écologique des PME,101,Financer vos projets de transition écologique avec les aides financières du guichet « Tremplin pour la transition écologique des PME »,44
TREMPLIN pour la transition écologique des PME,102,Financer vos projets de transition écologique avec les aides financières du guichet « Tremplin pour la transition écologique des PME »,44
Mise en oeuvre du contrat patrimonial de développement des énergies renouvelables thermiques,108,Développer les énergies renouvelables thermiques,274
Construction d'une unité de méthanisation à Saint-Selve (33),119,"Financer des installations de méthanisation (injection, cogénération, chaleur)",181
AAP Chaleur Fatale 2017 : investissement dans une installation de récupération et de valorisation de,124,Financer les installations de récupération de chaleur,163
Construction d'une unité de méthanisation à Meilhards (19),135,"Financer des installations de méthanisation (injection, cogénération, chaleur)",181
contrat de développement Patrimonial des énergies renouvelables thermiques de la SCIC BEL dans le Lo,150,Développer les énergies renouvelables thermiques,274
contrat de développement patrimonial des énergies renouvelables thermiques sur quatre installations,151,Développer les énergies renouvelables thermiques,274
SensiGaspi - Accompagner les familles dans la lutte contre le gaspillage alimentaire (dans le cadre,211,Financer les équipements de lutte contre le gaspillage,190
Réaliser une installation de méthanisation.,216,"Financer des installations de méthanisation (injection, cogénération, chaleur)",181
Réaliser une installation de méthanisation.,221,"Financer des installations de méthanisation (injection, cogénération, chaleur)",181
réalisation d'un Contrat de développement des EnR (Energies Renouvelables) thermiques sur les territ,261,Développer les énergies renouvelables thermiques,274
AAP STCo - Installation de production d'eau chaude solaire pour 10 villas (24 m²),272,Financer les installations de production d'eau chaude solaire,275
Construction d'une unité de méthanisation à Berneuil (87),374,"Financer des installations de méthanisation (injection, cogénération, chaleur)",181
Mise en place d'installations de production d'ECS solaire collectives sur les bâtiments Garambeau da,391,Financer les installations de production d'eau chaude solaire,275
Construction d'une unité de méthanisation à Peyrat de Bellac (87),394,"Financer des installations de méthanisation (injection, cogénération, chaleur)",181
Construction d'une unité de méthanisation à Azat-le-Ris (87),395,"Financer des installations de méthanisation (injection, cogénération, chaleur)",181
Contrat de développement des EnR thermiques - Développement des énergies renouvelables sur le départ,466,Développer les énergies renouvelables thermiques,274
Contrat de développement territorial des énergies renouvelables thermiques sur le département de la,549,Développer les énergies renouvelables thermiques,274
Réaliser une installation de méthanisation en cogénération.,1052,"Financer des installations de méthanisation (injection, cogénération, chaleur)",181
Réaliser une installation de méthanisation en cogénération.,1055,"Financer des installations de méthanisation (injection, cogénération, chaleur)",181
Réaliser une étude de faisabilité de chaufferie bois et réseau de chaleur pour le technicentre de Nevers.,1070,Financer des études de faisabilité chaufferie biomasse (Fonds chaleur),266
Fonds chaleur : Installation de production d'eau chaude solaire de 100 m² pour l'hôtel Fleur d'Epée,1235,Financer les installations de production d'eau chaude solaire,275
"réaliser une installation solaire thermique de 40,32 m² pour un golf à MICHELBACH-LE-HAUT (68)",1348,Développer les énergies renouvelables thermiques,274
Contrat d'Objectifs de Développement territorial des Energies renouvelables thermiques du SCOT du Gr,1442,Développer les énergies renouvelables thermiques,274
"Réemploi, réparation et réutilisation de produits équestres.",1486,"Financer des équipements de réemploi, réparation et réutilisation",191
Installation d'un système de production d'eau chaude solaire collective individualisée dans 30 logem,1538,Financer les installations de production d'eau chaude solaire,275
Installation d'une production d'eau chaude solaire collective individualisée dans 54 logements socia,1539,Financer les installations de production d'eau chaude solaire,275
Réalisation d'une installation de production d'eau chaude solaire à la Maison de retraite des 5 étan,1582,Financer les installations de production d'eau chaude solaire,275
Installation de production d'eau chaude solaire thermique sur le parc aqualudique à Bergerac,1587,Financer les installations de production d'eau chaude solaire,275
Construction d'une unité de méthanisation à Journiac (24),1605,"Financer des installations de méthanisation (injection, cogénération, chaleur)",181
Mise en oeuvre d'une installation de production d'eau chaude sanitaire solaire à l'hôtel Fasthôtel à,1660,Financer les installations de production d'eau chaude solaire,275
Installation solaire thermique pour la production d'ECS sur une RPA des bâtiments communaux de la vi,1721,Financer les installations de production d'eau chaude solaire,275
AAP Chaleur renouvelable / installation solaire thermique de production d'eau chaude alimentant les,1784,Financer les installations de production d'eau chaude solaire,275
Etude de faisabilité pour la récupération de chaleur fatale sur un data center.,1939,Financer une étude de faisabilité de récupération de chaleur fatale,268
Réalisation d'une étude de faisabilité pour un réseau de chaleur et une chaufferie biomasse à Collonges (01),2093,Financer des études de faisabilité chaufferie biomasse (Fonds chaleur),266
PERFECTO 2019 - Projet CIBLE PSF - Améliorer la performance environnementale des produits d'épilatio,2163,Améliorer la performance environnementale des produits et des services - Études d’écoconception,38
Construction d'une unité de méthanisation aux Fins (25),2718,"Financer des installations de méthanisation (injection, cogénération, chaleur)",181
Contrat Patrimonial de développement des énergies renouvelables thermiques par la Région Bretagne,2787,Développer les énergies renouvelables thermiques,274
"la réalisation d'une étude de faisabilité géothermique pour les bâtiments communaux, dans le cadre du Contrat de développement des énergies renouvelables porté par le PETR Centre Cher.",2913,Tester l’intérêt de la géothermie sur champs de sondes pour le chauffage des bâtiments,269
Assistance à Maitrise d'Ouvrage pour la création d'un réseau de chaleur avec une chaufferie biomasse,2936,Financer une assistance à maîtrise d’ouvrage pour une chaufferie biomasse,267
Investissements pour recyclage broyats de PVC,3019,Aider à l'investissement dans les équipements de recyclage des déchets,185
Contrat d'Objectifs de Développement territorial des Energies renouvelables thermiques du PNR Caps e,3173,Développer les énergies renouvelables thermiques,274
Contrat d'Objectifs de Développement territorial des Energies renouvelables thermiques de la ville d,3184,Développer les énergies renouvelables thermiques,274
Installation d'une chaufferie biomasse,3199,Financer une assistance à maîtrise d’ouvrage pour une chaufferie biomasse,267
AMO construction d'une unité de méthanisation,3288,"Financer des installations de méthanisation (injection, cogénération, chaleur)",181
Construction d'une unité de méthanisation 200 kWé à Gorre (87),3381,"Financer des installations de méthanisation (injection, cogénération, chaleur)",181
Construction d'une unité de méthanisation à Orin (64),3383,"Financer des installations de méthanisation (injection, cogénération, chaleur)",181
AAP EITNA - Démarche Ecologie Industrielle et Territoriale (niveau 3),3402,Financer les études de préfiguration d'une démarche d'écologie industrielle et territoriale,203
Construction d'une unité de méthanisation à Espechède,3456,"Financer des installations de méthanisation (injection, cogénération, chaleur)",181
Construction d'une unité de méthanisation - SAS CLEVIGUS,3474,"Financer des installations de méthanisation (injection, cogénération, chaleur)",181
Réalisation d'une étude de faisabilité pour la mise en place d'une production solaire thermique sur,3493,Financer une étude de faisabilité pour une installation solaire thermique,395
Réalisation d'une installation solaire thermique de production d'eau chaude sanitaire pour un héberg,3629,Financer les installations de production d'eau chaude solaire,275
Contrat de développement territorial des énergies renouvelables thermiques en Lozère (48),3659,Développer les énergies renouvelables thermiques,274
"Réalisation d'une installation solaire thermique pour l'abattoir de volailles de la SCIC ""La Plume d",3674,Financer les installations de production d'eau chaude solaire,275
"Réhabilitation de deux installations collectives de production d'eau chaude solaire résidence ""Le Cl",3687,Financer les installations de production d'eau chaude solaire,275
Etude de faisabilité d'une chaufferie biomasse et d'une installation solaire thermique à Saint Etienne le Laus (Hautes Alpes). / Contrat de développement des EnR CD05 - accord cadre 17PAA0002,3745,Financer une étude de faisabilité pour une installation solaire thermique,395
Installation d'une chaufferie bois à plaquettes avec réseau de chaleur pour la production d'eau chau,3799,Aider à l'installation de production de chaleur biomasse/bois,162
Réalisation de 4 installations solaire thermique (332m²) pour la production d''ECS à l'hôpital Saint,3817,Financer les installations de production d'eau chaude solaire,275
Etude faisabilité PAC Géothermique sur champ de sondes pour le chauffage d'un bâtiment à Bécon les Granits (49),3952,Tester l’intérêt de la géothermie sur champs de sondes pour le chauffage des bâtiments,269
AAP Grandes installations - Solaire thermique - production d'eau chaude solaire (9 698 m²) pour le p,4053,Financer les installations de production d'eau chaude solaire,275
AAP AURENERGY 2020 : installations de récupération et valorisation de chaleur fatale pour le réseau,4117,Financer les installations de récupération de chaleur,163
Contrat de développement des énergies thermiques renouvelables - gestion déléguée des aide - convent,4140,Développer les énergies renouvelables thermiques,274
Contrat de développement des énergies thermiques renouvelables - gestion déléguée des aides,4147,Développer les énergies renouvelables thermiques,274
Contrat d'Objectif Territorial pour le développement des énergies renouvelables thermiques sur le te,4782,Développer les énergies renouvelables thermiques,274
FONDS CHALEUR : Mission d'Assistance à Maîtrise d'Ouvrage relative à la création d'une chaufferie au,4786,Financer une assistance à maîtrise d’ouvrage pour une chaufferie biomasse,267
Contrat d'Objectif Territorial pour le développement des énergies renouvelables thermiques dans le d,4787,Développer les énergies renouvelables thermiques,274
Réaliser une étude de faisabilité pour une installation solaire thermique sur un hébergement tourist,4794,Financer une étude de faisabilité pour une installation solaire thermique,395
Contrat de développement des énergies thermiques renouvelables sur le territoire du Pays du Centre O,4828,Développer les énergies renouvelables thermiques,274
réalisation d'un Contrat d'Objectif de développement Territorial des Energies Renouvelables thermiqu,4899,Développer les énergies renouvelables thermiques,274
Réalisation d'une installation de production d'eau chaude solaire 23 m²,4988,Financer les installations de production d'eau chaude solaire,275
"Installation d'une chaufferie biomasse (bois B), renforcement de récupération de chaleur fatale sur",5122,Aider à l'installation de production de chaleur biomasse/bois,162
Etude de faisabilité de récupération de chaleur fatale sur des moteurs de cogénérations de biogaz,5131,Financer une étude de faisabilité de récupération de chaleur fatale,268
Développement des Energies Renouvelables et de Récupération (EnR&R) et déploiement des réseaux de ch,5246,Développer les énergies renouvelables thermiques,274
Contrat patrimonial de développement des énergies renouvelables thermiques,5260,Développer les énergies renouvelables thermiques,274
Construction d'une recyclerie,5344,"Financer des équipements de réemploi, réparation et réutilisation",191
Démarche d'écologie industrielle et territoriale (EIT) - Niveau 2,5411,Financer les études de préfiguration d'une démarche d'écologie industrielle et territoriale,203
Démarche d'écologie industrielle et territoriale (EIT)  - Niveau 2,5412,Financer les études de préfiguration d'une démarche d'écologie industrielle et territoriale,203
Mise en place d'une installation solaire thermique pour le Centre Hospitalier de Niort,5445,Financer les installations de production d'eau chaude solaire,275
Réalisation d'une étude de faisabilité récupération de chaleur fatale sur l'entreprise SOFIVO à Cham,5459,Financer une étude de faisabilité de récupération de chaleur fatale,268
Assistance à Maitrise d'ouvrage - Etude de faisabilité pour une chaufferie biomasse pour la coopérat,5473,Financer une assistance à maîtrise d’ouvrage pour une chaufferie biomasse,267
"AAP EITNA - Démarche d'écologie industrielle et territoriale, niveau 2",5478,Financer les études de préfiguration d'une démarche d'écologie industrielle et territoriale,203
Etude de faisabilité récupération chaleur fatale Bernardaud Oradour-Sur-Glane,5493,Financer une étude de faisabilité de récupération de chaleur fatale,268
Animation pour le développement des énergies renouvelables,5496,Développer les énergies renouvelables thermiques,274
Financement d'un chargé de mission pour une démarche d'Ecologie Industrielle Territoriale pour les p,5537,Financer les études de préfiguration d'une démarche d'écologie industrielle et territoriale,203
création d'une décheterie professionnelle,5578,Subventionner la construction et moderniser des déchèteries professionnelles,40
création d'une décheterie professionnelle,5578,Subventionner la construction et moderniser des déchèteries professionnelles,40
Installation de chauffage par géothermie sur champs de sondes (70 kW) dans le cadre de la restructur,5584,Financer les installations géothermiques de production de chaleur et de froid,270
"Réhabilitation d'une installation de production d'eau chaude solaire résidence ""Les Mûriers"" à Saint",5599,Financer les installations de production d'eau chaude solaire,275
Etude de faisabilité de récupération de chaleur fatale sur l'atelier n°1,5613,Financer une étude de faisabilité de récupération de chaleur fatale,268
Installation de 2 Cribles fixes permettant une production de combustible biomasse de qualité,5631,Aider à l'installation de production de chaleur biomasse/bois,162
Etude de faisabilité d'une chaudière bois et installation solaire thermique à Gesté (49),5812,Financer une étude de faisabilité pour une installation solaire thermique,395
Audit énergétique,5861,Financer des audits énergétiques en entreprise et industrie,161
Installation solaire thermique à Blain (44),5873,Développer les énergies renouvelables thermiques,274
Installation solaire thermique à Coëvrons (53),5915,Développer les énergies renouvelables thermiques,274
Contrat de développement des énergies renouvelables thermiques : Convention d'Animation.,5948,Développer les énergies renouvelables thermiques,274
AMO - Centre de Valorisation des Déchets CVD,6067,Investir dans les centres de tri et de préparation des déchets pour une valorisation matière et énergie,41
Installation de méthanisation en cogénération,6186,"Financer des installations de méthanisation (injection, cogénération, chaleur)",181
Tremplin pour la Transition Ecologique des PME,6188,Financer vos projets de transition écologique avec les aides financières du guichet « Tremplin pour la transition écologique des PME »,44
Tremplin pour la Transition Ecologique des PME,6194,Financer vos projets de transition écologique avec les aides financières du guichet « Tremplin pour la transition écologique des PME »,44
Tremplin pour la Transition Ecologique des PME,6205,Financer vos projets de transition écologique avec les aides financières du guichet « Tremplin pour la transition écologique des PME »,44
Tremplin pour la Transition Ecologique des PME,6209,Financer vos projets de transition écologique avec les aides financières du guichet « Tremplin pour la transition écologique des PME »,44
TREMPLIN transition écologique des PME,6214,Financer vos projets de transition écologique avec les aides financières du guichet « Tremplin pour la transition écologique des PME »,44
Tremplin pour la Transition Ecologique des PME,6224,Financer vos projets de transition écologique avec les aides financières du guichet « Tremplin pour la transition écologique des PME »,44
TREMPLIN  pour la transition écologique des PME,6228,Financer vos projets de transition écologique avec les aides financières du guichet « Tremplin pour la transition écologique des PME »,44
Tremplin pour la Transition Ecologique des PME,6239,Financer vos projets de transition écologique avec les aides financières du guichet « Tremplin pour la transition écologique des PME »,44
Tremplin pour la Transition Ecologique des PME,6247,Financer vos projets de transition écologique avec les aides financières du guichet « Tremplin pour la transition écologique des PME »,44
MISE EN ŒUVRE D’UNE INSTALLATION SOLAIRE THERMIQUE POUR L'ELEVAGE MAS DE LAFON A DEGAGNAC (46),6263,Développer les énergies renouvelables thermiques,274
Tremplin pour la Transition Ecologique des PME,6264,Financer vos projets de transition écologique avec les aides financières du guichet « Tremplin pour la transition écologique des PME »,44
Financement d’une étude de faisabilité de récupération de chaleur fatale (66),6267,Financer une étude de faisabilité de récupération de chaleur fatale,268
Laitcoloscore : Performance environnementale des produits laitiers fermiers,6282,Améliorer la performance environnementale des produits alimentaires (GREEN GO),200
Etude de faisabilité Solaire Thermique à Requeil (72),6290,Financer une étude de faisabilité pour une installation solaire thermique,395
installation solaire thermique à Trignac (44),6291,Développer les énergies renouvelables thermiques,274
Tremplin pour la transisiton ecologique des PME,6295,Financer vos projets de transition écologique avec les aides financières du guichet « Tremplin pour la transition écologique des PME »,44
Assistance à Maîtrise d'Ouvrage chaufferie bois à Arnage (72),6296,Financer une assistance à maîtrise d’ouvrage pour une chaufferie biomasse,267
Tremplin pour la transisiton ecologique des PME,6297,Financer vos projets de transition écologique avec les aides financières du guichet « Tremplin pour la transition écologique des PME »,44
Tremplin pour la transisiton ecologique des PME,6298,Financer vos projets de transition écologique avec les aides financières du guichet « Tremplin pour la transition écologique des PME »,44
Tremplin pour la transisiton ecologique des PME,6307,Financer vos projets de transition écologique avec les aides financières du guichet « Tremplin pour la transition écologique des PME »,44
Tremplin pour la transisiton ecologique des PME,6309,Financer vos projets de transition écologique avec les aides financières du guichet « Tremplin pour la transition écologique des PME »,44
Tremplin pour la transisiton ecologique des PME,6310,Financer vos projets de transition écologique avec les aides financières du guichet « Tremplin pour la transition écologique des PME »,44
Tremplin pour la Transition Ecologique des PME,6311,Financer vos projets de transition écologique avec les aides financières du guichet « Tremplin pour la transition écologique des PME »,44
Tremplin pour la transisiton ecologique des PME,6312,Financer vos projets de transition écologique avec les aides financières du guichet « Tremplin pour la transition écologique des PME »,44
Tremplin pour la transisiton ecologique des PME,6313,Financer vos projets de transition écologique avec les aides financières du guichet « Tremplin pour la transition écologique des PME »,44
Tremplin pour la transisiton ecologique des PME,6314,Financer vos projets de transition écologique avec les aides financières du guichet « Tremplin pour la transition écologique des PME »,44
Tremplin pour la transisiton ecologique des PME,6315,Financer vos projets de transition écologique avec les aides financières du guichet « Tremplin pour la transition écologique des PME »,44
Tremplin pour la transisiton ecologique des PME,6316,Financer vos projets de transition écologique avec les aides financières du guichet « Tremplin pour la transition écologique des PME »,44
Tremplin pour la transisiton ecologique des PME,6318,Financer vos projets de transition écologique avec les aides financières du guichet « Tremplin pour la transition écologique des PME »,44
Tremplin pour la transisiton ecologique des PME,6321,Financer vos projets de transition écologique avec les aides financières du guichet « Tremplin pour la transition écologique des PME »,44
Tremplin pour la transisiton ecologique des PME,6322,Financer vos projets de transition écologique avec les aides financières du guichet « Tremplin pour la transition écologique des PME »,44
Tremplin pour la transisiton ecologique des PME,6323,Financer vos projets de transition écologique avec les aides financières du guichet « Tremplin pour la transition écologique des PME »,44
Tremplin pour la transisiton ecologique des PME,6324,Financer vos projets de transition écologique avec les aides financières du guichet « Tremplin pour la transition écologique des PME »,44
Tremplin pour la transisiton ecologique des PME,6328,Financer vos projets de transition écologique avec les aides financières du guichet « Tremplin pour la transition écologique des PME »,44
Tremplin pour la Transition Ecologique des PME,6329,Financer vos projets de transition écologique avec les aides financières du guichet « Tremplin pour la transition écologique des PME »,44
Tremplin pour la transisiton ecologique des PME,6330,Financer vos projets de transition écologique avec les aides financières du guichet « Tremplin pour la transition écologique des PME »,44
Tremplin pour la transisiton ecologique des PME,6331,Financer vos projets de transition écologique avec les aides financières du guichet « Tremplin pour la transition écologique des PME »,44
Tremplin pour la Transition Ecologique des PME,6332,Financer vos projets de transition écologique avec les aides financières du guichet « Tremplin pour la transition écologique des PME »,44
Tremplin pour la transisiton ecologique des PME,6333,Financer vos projets de transition écologique avec les aides financières du guichet « Tremplin pour la transition écologique des PME »,44
Tremplin pour la transisiton ecologique des PME,6334,Financer vos projets de transition écologique avec les aides financières du guichet « Tremplin pour la transition écologique des PME »,44
Tremplin pour la transisiton ecologique des PME,6335,Financer vos projets de transition écologique avec les aides financières du guichet « Tremplin pour la transition écologique des PME »,44
Tremplin pour la transisiton ecologique des PME,6336,Financer vos projets de transition écologique avec les aides financières du guichet « Tremplin pour la transition écologique des PME »,44
Tremplin pour la transisiton ecologique des PME,6337,Financer vos projets de transition écologique avec les aides financières du guichet « Tremplin pour la transition écologique des PME »,44
Tremplin pour la transisiton ecologique des PME,6338,Financer vos projets de transition écologique avec les aides financières du guichet « Tremplin pour la transition écologique des PME »,44
Tremplin pour la transisiton ecologique des PME,6339,Financer vos projets de transition écologique avec les aides financières du guichet « Tremplin pour la transition écologique des PME »,44
Tremplin pour la transisiton ecologique des PME,6340,Financer vos projets de transition écologique avec les aides financières du guichet « Tremplin pour la transition écologique des PME »,44
Tremplin pour la transisiton ecologique des PME,6341,Financer vos projets de transition écologique avec les aides financières du guichet « Tremplin pour la transition écologique des PME »,44
Tremplin pour la transisiton ecologique des PME,6342,Financer vos projets de transition écologique avec les aides financières du guichet « Tremplin pour la transition écologique des PME »,44
Tremplin pour la transisiton ecologique des PME,6343,Financer vos projets de transition écologique avec les aides financières du guichet « Tremplin pour la transition écologique des PME »,44
Tremplin pour la transisiton ecologique des PME,6344,Financer vos projets de transition écologique avec les aides financières du guichet « Tremplin pour la transition écologique des PME »,44
Tremplin pour la transisiton ecologique des PME,6345,Financer vos projets de transition écologique avec les aides financières du guichet « Tremplin pour la transition écologique des PME »,44
Tremplin pour la transisiton ecologique des PME,6346,Financer vos projets de transition écologique avec les aides financières du guichet « Tremplin pour la transition écologique des PME »,44
Tremplin pour la transisiton ecologique des PME,6347,Financer vos projets de transition écologique avec les aides financières du guichet « Tremplin pour la transition écologique des PME »,44
Tremplin pour la transisiton ecologique des PME,6348,Financer vos projets de transition écologique avec les aides financières du guichet « Tremplin pour la transition écologique des PME »,44
Tremplin pour la transisiton ecologique des PME,6349,Financer vos projets de transition écologique avec les aides financières du guichet « Tremplin pour la transition écologique des PME »,44
Tremplin pour la transisiton ecologique des PME,6350,Financer vos projets de transition écologique avec les aides financières du guichet « Tremplin pour la transition écologique des PME »,44
Tremplin pour la transisiton ecologique des PME,6351,Financer vos projets de transition écologique avec les aides financières du guichet « Tremplin pour la transition écologique des PME »,44
Tremplin pour la transisiton ecologique des PME,6352,Financer vos projets de transition écologique avec les aides financières du guichet « Tremplin pour la transition écologique des PME »,44
Tremplin pour la transisiton ecologique des PME,6353,Financer vos projets de transition écologique avec les aides financières du guichet « Tremplin pour la transition écologique des PME »,44
Tremplin pour la transisiton ecologique des PME,6354,Financer vos projets de transition écologique avec les aides financières du guichet « Tremplin pour la transition écologique des PME »,44
Tremplin pour la transisiton ecologique des PME,6355,Financer vos projets de transition écologique avec les aides financières du guichet « Tremplin pour la transition écologique des PME »,44
Tremplin pour la transisiton ecologique des PME,6356,Financer vos projets de transition écologique avec les aides financières du guichet « Tremplin pour la transition écologique des PME »,44
Tremplin pour la transisiton ecologique des PME,6357,Financer vos projets de transition écologique avec les aides financières du guichet « Tremplin pour la transition écologique des PME »,44
Tremplin pour la transisiton ecologique des PME,6358,Financer vos projets de transition écologique avec les aides financières du guichet « Tremplin pour la transition écologique des PME »,44
Tremplin pour la transisiton ecologique des PME,6359,Financer vos projets de transition écologique avec les aides financières du guichet « Tremplin pour la transition écologique des PME »,44
Tremplin pour la transisiton ecologique des PME,6360,Financer vos projets de transition écologique avec les aides financières du guichet « Tremplin pour la transition écologique des PME »,44
Tremplin pour la transisiton ecologique des PME,6361,Financer vos projets de transition écologique avec les aides financières du guichet « Tremplin pour la transition écologique des PME »,44
Tremplin pour la transisiton ecologique des PME,6364,Financer vos projets de transition écologique avec les aides financières du guichet « Tremplin pour la transition écologique des PME »,44
Tremplin pour la transisiton ecologique des PME,6365,Financer vos projets de transition écologique avec les aides financières du guichet « Tremplin pour la transition écologique des PME »,44
Tremplin pour la transisiton ecologique des PME,6367,Financer vos projets de transition écologique avec les aides financières du guichet « Tremplin pour la transition écologique des PME »,44
Installation d'une centrale solaire thermique,6550,Développer les énergies renouvelables thermiques,274
Etude de faisabilité pour la récupération de chaleur,6597,Financer une étude de faisabilité de récupération de chaleur fatale,268
Audits énergétiques de 3 sites,6628,Financer des audits énergétiques en entreprise et industrie,161
SensiGaspi - Accompagner les familles dans la lutte contre le gaspillage alimentaire (dans le cadre,6724,Financer les équipements de lutte contre le gaspillage,190
FONDS CHALEUR : Etude de faisabilité pour une installation géothermique dans le cadre de la rénovation du gymnase de Fraisans (39).,6732,Tester l’intérêt de la géothermie sur champs de sondes pour le chauffage des bâtiments,269
FONDS CHALEUR : Etude de faisabilité d'une chaufferie bois.,6737,Financer des études de faisabilité chaufferie biomasse (Fonds chaleur),266
Construction d'une décheterie,6919,Subventionner la construction et moderniser des déchèteries professionnelles,40
Construction d'une déchèterie professionnelle,6933,Subventionner la construction et moderniser des déchèteries professionnelles,40
Réaliser une étude de faisabilité pour une installation de méthanisation au lycée agricole de la Bar,7146,Financer des « Études préalables à la construction d’une installation de méthanisation »,182
FONDS CHALEUR : Etude de faisabilité pour une chaufferie biomasse.,7161,Financer des études de faisabilité chaufferie biomasse (Fonds chaleur),266
FONDS CHALEUR : Etude de faisabilité d'une chaufferie bois avec réseau de chaleur.,7165,Financer des études de faisabilité chaufferie biomasse (Fonds chaleur),266
FONDS CHALEUR : Etude de faisabilité d'une chaufferie bois avec réseau de chaleur.,7166,Financer des études de faisabilité chaufferie biomasse (Fonds chaleur),266
Réaliser une étude de faisabilité pour la captation de chaleur fatale du site APERAM et d'un réseau de chaleur sur la commune d'Imphy.,7191,Financer une étude de faisabilité de récupération de chaleur fatale,268
Intégrer une démarche d'éco-conception dans le BE,7197,Accompagner les entreprises dans la mise en œuvre d'une démarche d'écoconception de leurs produits et services numériques,199
FONDS CHALEUR : Etude de faisabilité pour une chaufferie bois et un réseau de chaleur.,7199,Financer des études de faisabilité chaufferie biomasse (Fonds chaleur),266
Réaliser une étude de faisabilité bois.,7205,Financer des études de faisabilité chaufferie biomasse (Fonds chaleur),266
Réaliser une étude de faisabilité bois.,7205,Financer des études de faisabilité chaufferie biomasse (Fonds chaleur),266
Réaliser une étude de faisabilité bois.,7208,Financer des études de faisabilité chaufferie biomasse (Fonds chaleur),266
FONDS CHALEUR : Etude de faisabilité d'une chaufferie biomasse bois et déchets de scieries.,7213,Financer des études de faisabilité chaufferie biomasse (Fonds chaleur),266
FONDS CHALEUR : Etude de faisabilité d'une chaufferie bois avec réseau de chaleur.,7228,Financer des études de faisabilité chaufferie biomasse (Fonds chaleur),266
Réaliser une étude de faisabilité de réseau de chaleur au bois,7265,Financer une étude de faisabilité de récupération de chaleur fatale,268
Etude pour la valorisation des déchets enfouis,7266,Subventionner des études préalables à la réalisation de centres de tri/préparation des déchets pour une valorisation matière et énergie,42
Etude de faisabilité pour une installation solaire thermique sur la piscine de Réquigny (56),7390,Financer une étude de faisabilité pour une installation solaire thermique,395
Etude de faisabilté de géothermie,7420,Tester l’intérêt de la géothermie sur champs de sondes pour le chauffage des bâtiments,269
Etude de faisabilité bois énergie,7426,Financer des études de faisabilité chaufferie biomasse (Fonds chaleur),266
réalisation d'une étude de faisabilité d'une chaufferie bois énergie et d'une installation solaire thermique pour l'hôtel la Tonnellerie à Tavers (45) dans le cadre du Contrat d'Objectif Territorial de développement des Energies Renouvelables (COT EnR) des,7446,Développer les énergies renouvelables thermiques,274
"réalisation d'un audit énergétique et d'une étude de faisabilité de récupération de la chaleur fatale des eaux de refroidissement du site de production de Saint Benoit sur Loire, dans le cadre du contrat de développement des Energies Renouvelables Thermiqu",7450,Financer une étude de faisabilité de récupération de chaleur fatale,268
AAP STCo - Etude de faisabilité solaire thermique pour l'EHPAD,7453,Financer une étude de faisabilité pour une installation solaire thermique,395
AAP Economie circulaire : Mise en place d'équipements de lutte contre le gaspillage alimentaire,7456,Financer les équipements de lutte contre le gaspillage,190
bilan énergétique,7503,Financer des audits énergétiques en entreprise et industrie,161
AAP BATEX : Pôle de Valorisation de déchets,7517,Investir dans les centres de tri et de préparation des déchets pour une valorisation matière et énergie,41
Réaliser une étude de faisabilité pour le dimensionnement d'une ferme solaire thermique avec injecti,7618,Financer une étude de faisabilité pour une installation solaire thermique,395
CODEC étude de préfiguration,7807,Financer les études de préfiguration d'une démarche d'écologie industrielle et territoriale,203
Etude de faisabilité pour une installation de compostage,7840,Financer une étude de faisabilité pour une installation solaire thermique,395
Réalisation d'une étude de faisabilité d'un réseau de chaleur alimenté par une chaufferie biomasse s,7863,Financer des études de faisabilité chaufferie biomasse (Fonds chaleur),266
Réalisation d'un diagnostic sur deux installations de production d'eau chaude solaire collective de la résidence Cap Casaler à Pau,7898,Financer les installations de production d'eau chaude solaire,275
Réalisation d'une étude de faisabilité de récupération de chaleur fatale sur production d'air comprimé et circuit de refroidissement tour aérofrigérante,7912,Financer une étude de faisabilité de récupération de chaleur fatale,268
Etude de Faisabilité - Géothermie,8027,Financer des études de faisabilité chaufferie biomasse (Fonds chaleur),266
Etude de faisabilité pour l'autoconsommation solaire photovoltaïque et étude de faisabilité bois énergie avec solaire thermique en option,8053,Financer une étude de faisabilité pour une installation solaire thermique,395
Etude de faisabilité Bois et Réseau de Chaleur,8072,Financer une étude de faisabilité de récupération de chaleur fatale,268
étude de faisabilité pour le renouvellement de la chaufferie biomasse et l'extension du réseau de chaleur de Gramat,8089,Financer des études de faisabilité chaufferie biomasse (Fonds chaleur),266
Réalisation d'une étude de faisabilité pour un projet d'installation géothermique dans le cadre de la réhabilitation  d'un bâtiment annexe de l'Hôtel des Voyageurs à l'Habitarelle (48170),8103,Financer une étude de faisabilité pour une installation solaire thermique,395
Animation / communication : lutte contre le gaspillage alimentaire sur les CT1 et CT2 de la Métropol,8122,Financer les équipements de lutte contre le gaspillage,190
Etude de faisabilité pour la réalisation d'une chaufferie biomasse et d'un réseau de chaleur à Aiguilles (hautes Alpes) - contrat de développement des EnR CD05,8134,Financer des études de faisabilité chaufferie biomasse (Fonds chaleur),266
Etude de faisabilité pour la réhabilitation d'une installation solaire et la réalisation d'une chaufferie bois à l'hôpital de Corcoué sur Logne (44),8207,Financer une étude de faisabilité pour une installation solaire thermique,395
Etude de faisabilité  pour récupération de chaleur fatale,8222,Financer une étude de faisabilité de récupération de chaleur fatale,268
Etude de faisabilité pour l'extension du réseau de chaleur en lien avec un projet de récupération de chaleur fatale à UGINE (73),8275,Financer une étude de faisabilité de récupération de chaleur fatale,268
Solaire thermique - étude de faisabilité d'une installation collective de production de froid et de chauffage process sur une entreprise de salaison à La Terrasse-sur-Dorlay (42).,8279,Financer une étude de faisabilité pour une installation solaire thermique,395
Réalisation d'une étude de faisabilité de récupération d'énergie sur des eaux thermales pour le chauffage d'une piscine  du Morel à La Léchère (73).,8281,Financer une étude de faisabilité de récupération de chaleur fatale,268
"Etude de faisabilité ""récupération de chaleur fatale et free cooling"" en agroalimentaire à Gilly sur Isère (73)",8289,Financer une étude de faisabilité de récupération de chaleur fatale,268
"Solaire thermique - étude de faisabilité d'une installation collective de production d'eau chaude solaire thermique sur la copropriété ""Aquila"" à Val d'Isère (73).",8291,Financer une étude de faisabilité pour une installation solaire thermique,395
"Solaire thermique - étude de faisabilité d'une installation collective de production d'eau chaude solaire thermique sur la copropriété ""Aquila"" à Val d'Isère (73).",8291,Financer les installations de production d'eau chaude solaire,275
Solaire thermique - étude de faisabilité d'une installation collective de production d'eau chaude solaire sur un bâtiment du patrimoine industriel reconvertit en résidence à Chirols (07).,8292,Financer une étude de faisabilité pour une installation solaire thermique,395
Solaire thermique - étude de faisabilité d'une installation collective de production d'eau chaude solaire sur un bâtiment du patrimoine industriel reconvertit en résidence à Chirols (07).,8292,Financer les installations de production d'eau chaude solaire,275
"Solaire thermique - étude de faisabilité d'une installation collective de production d'eau chaude solaire thermique sur la copropriété ""Aiguille Grive 1"" à ARC 1800 - Bourg Saint Maurice (73).",8345,Financer une étude de faisabilité pour une installation solaire thermique,395
"Solaire thermique - étude de faisabilité d'une installation collective de production d'eau chaude solaire thermique sur la copropriété ""Aiguille Grive 1"" à ARC 1800 - Bourg Saint Maurice (73).",8345,Financer les installations de production d'eau chaude solaire,275
Réalisation d'une étude de faisabilité pour une installation de géothermie sur sondes (avec TRT) pour des bâtiments communaux sur la commune de Bard (42).,8349,Financer une étude de faisabilité pour une installation solaire thermique,395
Réalisation d'une étude de faisabilité pour la création d'un réseau de chaleur alimenté par une chaufferie biomasse à Cognin-les-Gorges (38),8356,Financer des études de faisabilité chaufferie biomasse (Fonds chaleur),266
Etude de faisabilité d'une climatisation solaire,8384,Financer une étude de faisabilité pour une installation solaire thermique,395
Equipements de prévention des déchets,8396,Aider à l'investissement dans les équipements de recyclage des déchets,185
Accompagnement de la stratégie régionale de lutte contre le gaspillage alimentaire dans les lycées,8417,Financer les équipements de lutte contre le gaspillage,190
FONDS CHALEUR : Réalisation de 3 études de faisabilité chaufferie bois dans le Doubs,8680,Financer des études de faisabilité chaufferie biomasse (Fonds chaleur),266
FONDS CHALEUR : Réalisation d'une étude de faisabilité technico-économique pour la création d'une chaufferie granulés avec réseau de chaleur pour la mairie et la salle des fêtes à Merey sous Montrond (25),8707,Financer des études de faisabilité chaufferie biomasse (Fonds chaleur),266
FONDS CHALEUR : Réalisation d'une étude de faisabilité chaufferie bois et réseau de chaleur à Poligny (39),8747,Financer des études de faisabilité chaufferie biomasse (Fonds chaleur),266
Audit énergétique,8761,Financer des audits énergétiques en entreprise et industrie,161
"FONDS CHALEUR : Etude de faisabilité de récupération de chaleur sur les compresseurs d'air, chez C&K",8762,Financer une étude de faisabilité de récupération de chaleur fatale,268
Audit énergétique,8763,Financer des audits énergétiques en entreprise et industrie,161
Audit énergétique,8771,Financer des audits énergétiques en entreprise et industrie,161
Etude de faisabilité de récupération de chaleur fatale sur l'UVE de CONCARNEAU (29) pour une serre m,8836,Financer une étude de faisabilité de récupération de chaleur fatale,268
Etude de faisabilité pour une chaufferie bois et une installation solaire thermique pour la Maison d,8884,Financer des études de faisabilité chaufferie biomasse (Fonds chaleur),266
Etude de faisabilité et de dimensionnement d'une installation solaire thermique dans le cadre de la,8917,Financer une étude de faisabilité pour une installation solaire thermique,395
Etude de faisabilité bois énergie,8936,Financer des études de faisabilité chaufferie biomasse (Fonds chaleur),266
"la réalisation d'une étude de faisabilité géothermique pour le logement communal dans le cadre du Contrat de Développement des Energies Renouvelables ""Sud Berry""",8937,Tester l’intérêt de la géothermie sur champs de sondes pour le chauffage des bâtiments,269
la réalisation d'une étude de faisabilité de récupération de chaleur fatale du four TTH HTI pour préchauffer les pièces en amont du four ou d'un four de revenu.,8938,Financer une étude de faisabilité de récupération de chaleur fatale,268
la réalisation d'une étude de récupération et de valorisation de chaleur fatale,8978,Financer une étude de faisabilité de récupération de chaleur fatale,268
la réalisation d'une étude de faisabilité bois énergie dans le cadre du Contrat de développement des Energies Renouvelables sur le territoire du PETR Centre Cher (COT ENR Centre Cher),8987,Financer des études de faisabilité chaufferie biomasse (Fonds chaleur),266
AAP ST - Etude de faisabilité pour l'installation de panneaux solaires thermiques,8996,Financer une étude de faisabilité pour une installation solaire thermique,395
AAP ST - Etude de faisbilité pour une installation de production d'eau chaude solaire,8999,Financer les installations de production d'eau chaude solaire,275
Etude de faisabilité solaire thermique,9065,Financer une étude de faisabilité pour une installation solaire thermique,395
Étude de projet et Assistance à Maitrise d'Ouvrage pour un réseau de chaleur biomasse sur la ville d,9094,Financer une assistance à maîtrise d’ouvrage pour une chaufferie biomasse,267
Etude de modernisation des déchèteries,9109,Subventionner la construction et moderniser des déchèteries professionnelles,40
"Etude de faisabilité pour la récupération de chaleur fatale et création d'un réseau de chaleur sur les communes d'Isbergues, Guarbecque et Saint Venant /",9245,Financer une étude de faisabilité de récupération de chaleur fatale,268
Etude de faisabilité de récupération de chaleur fatale sur le Centre de Valorisation Energétique de Flamoval à Arques pour les besoins de serristes,9259,Financer une étude de faisabilité de récupération de chaleur fatale,268
Etude de faisabilité sur les potentiels de récupération de chaleur fatale sur le site de Fouquières,9277,Financer une étude de faisabilité de récupération de chaleur fatale,268
Réalisation d'une étude de faisabilité pour l'intégration d'énergies renouvelables et de récupération dans le réseau de chaleur de Suresnes,9299,Financer une étude de faisabilité de récupération de chaleur fatale,268
Réalisation d'un schéma directeur de développement des énergies renouvelables et de récupération (En,9320,Développer les énergies renouvelables thermiques,274
"Etude de faisabilité pour la mise en place d'installations de production d'eau chaude solaire dans 4 résidences existantes de la SIMAR - La Roseraie, La Diny, Allende et Les Coulisses",9371,Financer une étude de faisabilité pour une installation solaire thermique,395
Réalisation d'une étude de faisabilité d'une installation géothermique sur le groupe scolaire de Belin-Beliet,9408,Tester l’intérêt de la géothermie sur champs de sondes pour le chauffage des bâtiments,269
Lutte contre le gaspillage alimentaire - Collecte d'invendus en fruits et légumes en vue de les transformer,9418,Financer les équipements de lutte contre le gaspillage,190
Réalisation d'une étude de faisabilité de récupération de chaleur fatale,9428,Financer une étude de faisabilité de récupération de chaleur fatale,268
Etude de faisabilité récupération de chaleur fatale pour la création d'un réseau de chaleur à Barbez,9437,Financer une étude de faisabilité de récupération de chaleur fatale,268
Assistance à Maitrise d'ouvrage : étude de faisabilité de chaufferie biomasse pour le séchage de plaquettes de bois densifié pour l'Ets PINET à ST-CHABRAIS (23),9452,Financer une assistance à maîtrise d’ouvrage pour une chaufferie biomasse,267
Etude de faisabilité d'une installation de géothermie,9490,Tester l’intérêt de la géothermie sur champs de sondes pour le chauffage des bâtiments,269
Réalisation d'une étude de faisabilité d'une installation géothermique sur sondes et d'un test de ré,9511,Tester l’intérêt de la géothermie sur champs de sondes pour le chauffage des bâtiments,269
Réalisation d'une étude de faisabilité d'une installation solaire thermique pour l'EHPAD Emera à Gra,9513,Financer une étude de faisabilité pour une installation solaire thermique,395
étude préalable gestion des biodéchets,9526,Investir pour la gestion des biodéchets des acteurs économiques,43
Etude de faisabilité récupération de chaleur fatale pour le site de Vire (14).,9527,Financer une étude de faisabilité de récupération de chaleur fatale,268
Etude de faisabilité récupération de chaleur fatale.,9532,Financer une étude de faisabilité de récupération de chaleur fatale,268
Etude de faisabilité de récupération de chaleur fatale sur le site de Sandouville (76430).,9548,Financer une étude de faisabilité de récupération de chaleur fatale,268
Etude de faisabilité récupération de chaleur fatale avec commissionnement sur le site de Saint Hilai,9561,Financer une étude de faisabilité de récupération de chaleur fatale,268
Etude faisabilité récupération chaleur fatale sur le site de LESSAY (50),9562,Financer une étude de faisabilité de récupération de chaleur fatale,268
Etude de faisabilité d'un réseau de chaleur biomasse,9598,Financer des études de faisabilité chaufferie biomasse (Fonds chaleur),266
études de faisabilités d'une unité de méthanisation,9602,Financer des « Études préalables à la construction d’une installation de méthanisation »,182
Etude de faisabilité pour l'installation d'un chauffage géothermique,9636,Tester l’intérêt de la géothermie sur champs de sondes pour le chauffage des bâtiments,269
étude de faisabilité pour la création d'un réseau de chaleur basse température avec récupération d'é,9643,Financer une étude de faisabilité de récupération de chaleur fatale,268
Réalisation d'une étude de faisabilité pour la réhabilitation de l'installation solaire de production de froid sur le site du GICB situé route du Mas Reig à Banyuls sur Mer (66),9646,Financer une étude de faisabilité pour une installation solaire thermique,395
Réalisation d'une étude de faisabilité d'une installation solaire pour le chauffage de serres maraîc,9753,Financer une étude de faisabilité pour une installation solaire thermique,395
Etude de faisabilité technico financière d'installations de production d'ECS solaire thermique (7 sous stations),9813,Financer une étude de faisabilité pour une installation solaire thermique,395
Etude de faisabilité de mise en oeuvre d'un contrat de développement des Energies renouvelables ther,9832,Développer les énergies renouvelables thermiques,274
"Réalisation d'une étude de faisabilité solaire thermique pour la Résidence ""Le Moulin de la Cour"" à Saint Pierre du Lorouër  (72).",9849,Financer une étude de faisabilité pour une installation solaire thermique,395
Etude stratégique du développement des énergies renouvelables sur le territoire de Laval Agglo (53),9883,Développer les énergies renouvelables thermiques,274
Réalisation d'une étude de faisabilité pour une installation de PAC géothermale pour la Maison saint Vincent de Paul à Saint-Etienne (42).,9926,Tester l’intérêt de la géothermie sur champs de sondes pour le chauffage des bâtiments,269
Réalisation d'une étude de faisabilité pour la création d'un réseau de chaleur alimenté par une chaufferie biomasse à Juvigny (74),9930,Financer des études de faisabilité chaufferie biomasse (Fonds chaleur),266
AAP ZFE  : Etude de préfiguration,9937,Financer les études de préfiguration d'une démarche d'écologie industrielle et territoriale,203
"Solaire thermique - étude de faisabilité d'une installation collective de production d'eau chaude solaire pour un centre d'hergement sportif ""ZeCamp"" à Corrençon en Vercors (38).",9952,Financer une étude de faisabilité pour une installation solaire thermique,395
"Solaire thermique - étude de faisabilité d'une installation collective de production d'eau chaude solaire pour un centre d'hergement sportif ""ZeCamp"" à Corrençon en Vercors (38).",9952,Financer une étude de faisabilité pour une installation solaire thermique,395
Solaire thermique - étude de faisabilité d'une installation collective de production d'eau chaude solaire thermique sur 2 bâtiments d'hébergement à La Roche sur Graine (26).,9976,Financer une étude de faisabilité pour une installation solaire thermique,395
"Etude de faisabilité d'une installation collective de production d'eau chaude solaire thermique sur la copropriété ""Le clos Ancenay"" à Albertville (73)",9977,Financer une étude de faisabilité pour une installation solaire thermique,395
"Solaire thermique - étude de faisabilité d'une installation collective de production d'eau chaude solaire thermique sur l'EHPAD ""Bargoin"" à Vic Le Comte (63).",9978,Financer une étude de faisabilité pour une installation solaire thermique,395
"Solaire thermique - étude de faisabilité d'une installation collective de production d'eau chaude solaire thermique sur l'EHPAD ""Bargoin"" à Vic Le Comte (63).",9978,Financer une étude de faisabilité pour une installation solaire thermique,395
Solaire thermique - étude de faisabilité d'une installation collective de production d'eau chaude solaire pour un bâtiment résidentiel à Vaulx-en-Velin (69).,10004,Financer une étude de faisabilité pour une installation solaire thermique,395
Réalisation d'une étude de faisabilité pour une installation de géothermie sur nappe pour la constru,10017,Financer une étude de faisabilité pour une installation solaire thermique,395
Etude de faisabilité valorisation chaleur fatale (63),10030,Financer une étude de faisabilité de récupération de chaleur fatale,268
Etude de faisabilité de dimensionnement d'une installation de production d'eau chaude solaire sur l'établissement FHH Initial Textile Rentokil,10040,Financer une étude de faisabilité pour une installation solaire thermique,395
Etude de faisabilité pour une installation solaire photovoltaïque sur le site de la société PREFABETON à l'Etang Salé,10079,Financer une étude de faisabilité pour une installation solaire thermique,395
Etude de faisabilité IRVE PV,10106,Financer une étude de faisabilité pour une installation solaire thermique,395
FONDS CHALEUR : Réalisation d'une étude de faisabilité pour la création d'une chaufferie biomasse av,10296,Financer des études de faisabilité chaufferie biomasse (Fonds chaleur),266
FONDS CHALEUR : Etude de faisabilité pour la récupération de chaleur sur les fours de séchage et de,10316,Financer une étude de faisabilité de récupération de chaleur fatale,268
FONDS CHALEUR : Assistance à maîtrise d'ouvrage pour la création d'une chaufferie bois avec réseau d,10322,Financer une assistance à maîtrise d’ouvrage pour une chaufferie biomasse,267
FONDS CHALEUR : Réalisation d'une étude de faisabilité pour la mise en place d'une chaufferie biomasse pour la menuiserie BONNY à Arcy Sur Cure (89),10328,Financer des études de faisabilité chaufferie biomasse (Fonds chaleur),266
FONDS CHALEUR : Réalisation d'une étude de faisabilité pour une chaufferie biomasse pour le local pharmacie et le logement à l'étage de la pharmacie de la Chapelle à Ronchamp (70),10329,Financer des études de faisabilité chaufferie biomasse (Fonds chaleur),266
FONDS CHALEUR : Réalisation d'une assistance à maîtrise d'ouvrage pour la création d'une chaufferie,10330,Financer une assistance à maîtrise d’ouvrage pour une chaufferie biomasse,267
FONDS CHALEUR : Réalisation d'une étude de faisabilité  pour l'installation d'une chaufferie biomasse afin d'équiper le nouveau bâtiment en énergie renouvelable.,10331,Financer des études de faisabilité chaufferie biomasse (Fonds chaleur),266
FONDS CHALEUR : Etude de faisabilité de récupération de chaleur.,10341,Financer des études de faisabilité chaufferie biomasse (Fonds chaleur),266
FONDS CHALEUR : Etude de faisabilité de récupération de chaleur.,10341,Financer une étude de faisabilité de récupération de chaleur fatale,268
FONDS CHALEUR : Etude de faisabilité pour la récupération de chaleur sur fours d'austénisation et de,10352,Financer une étude de faisabilité de récupération de chaleur fatale,268
FONDS CHALEUR : Etude de faisabilité de récupération de chaleur fatale.,10361,Financer une étude de faisabilité de récupération de chaleur fatale,268
FONDS CHALEUR : Réalisation d'une étude de faisabilité chaufferie biomasse,10362,Financer des études de faisabilité chaufferie biomasse (Fonds chaleur),266
Etude de faisabilité d'une installation solaire thermique  sur le centre aquatique - (56) PLOEMEUR,10367,Financer une étude de faisabilité pour une installation solaire thermique,395
Etude de faisabilité  pour l'installation solaire thermique à l'EHPAD Virginie Danion -(56) MAURON,10369,Financer une étude de faisabilité pour une installation solaire thermique,395
Etude de faisabilité pour la réalisation d'une chaufferie biomasse et un réseau de chaleur - (56) PL,10370,Financer des études de faisabilité chaufferie biomasse (Fonds chaleur),266
Etude de faisabilité d'une installation solaire thermique dans le cadre de la création d'un Pôle d'A,10377,Financer une étude de faisabilité pour une installation solaire thermique,395
Etude de faisabilité et de dimensionnement d'une installation solaire thermique,10390,Financer une étude de faisabilité pour une installation solaire thermique,395
Réalisation d'une étude de faisabilité de récupération de chaleur sur sécheur U2 sur le site de Phos,10413,Financer une étude de faisabilité de récupération de chaleur fatale,268
Etude de faisabilité sur la récupération de chaleur,10418,Financer une étude de faisabilité de récupération de chaleur fatale,268
ALGAIA - Étude de récupération de chaleur fatale,10419,Financer une étude de faisabilité de récupération de chaleur fatale,268
Etude de faisabilité récupération de chaleur,10425,Financer une étude de faisabilité de récupération de chaleur fatale,268
Financement d'une étude de faisabilité d'installation solaire thermique,10428,Financer une étude de faisabilité pour une installation solaire thermique,395
Etude de faisabilité récupération de chaleur fatale,10434,Financer une étude de faisabilité de récupération de chaleur fatale,268
réalisation d'une étude de faisabilité d'un parc solaire thermique pour alimenter les serres CHERON,10465,Financer une étude de faisabilité pour une installation solaire thermique,395
réalisation d'une étude de faisabilité pour la mise en place d’une installation solaire thermique po,10476,Financer une étude de faisabilité pour une installation solaire thermique,395
Etude de Récupération de chaleur fatale,10485,Financer une étude de faisabilité de récupération de chaleur fatale,268
Etude de faisabilité biomasse / pompe à chaleur école,10487,Financer des études de faisabilité chaufferie biomasse (Fonds chaleur),266
Etude de faisabilité chaufferie biomasse à Pontlevoy (41),10493,Financer des études de faisabilité chaufferie biomasse (Fonds chaleur),266
étude de préfiguration d'un contrat d'objectif territorial des énergies renouvelables thermiques et,10556,Développer les énergies renouvelables thermiques,274
Etude de faisabilité pour une chaufferie bois,10589,Financer des études de faisabilité chaufferie biomasse (Fonds chaleur),266
Etude de faisabilité récupération de chaleur fatale et conversion ENR,10599,Financer une étude de faisabilité de récupération de chaleur fatale,268
Etude de faisabilité de Récupération de chaleur fatale sur la boucle d'Eau surchauffée,10603,Financer une étude de faisabilité de récupération de chaleur fatale,268
Etude de faisabilité sur les potentiels de récupération de chaleur fatale chez GELMER (62),10613,Financer une étude de faisabilité de récupération de chaleur fatale,268
Etude de faisabilité de récupération de chaleur fatale sur le site d'Aperam à Isbergues,10645,Financer une étude de faisabilité de récupération de chaleur fatale,268
Etude de faisabilité de récupération de chaleur fatale sur le site de Spontex à Beauvais,10648,Financer une étude de faisabilité de récupération de chaleur fatale,268
Réalisation d'une étude de faisabilité de récupération de chaleur fatale pour la SVEP,10769,Financer une étude de faisabilité de récupération de chaleur fatale,268
Etude de faisabilité d'un réseau de chaleur biomasse,10794,Financer des études de faisabilité chaufferie biomasse (Fonds chaleur),266
Réalisation d'une étude de faisabilité récupération de chaleur du groupe froid,10796,Financer une étude de faisabilité de récupération de chaleur fatale,268
Réalisation d'une étude de faisabilité récupération de chaleur sur tours aéroréfrigérantes et compre,10797,Financer une étude de faisabilité de récupération de chaleur fatale,268
Etude de faisabilité réseau de chaleur biomasse,10803,Financer des études de faisabilité chaufferie biomasse (Fonds chaleur),266
Etude de faisabilité d'une chaufferie biomasse,10804,Financer des études de faisabilité chaufferie biomasse (Fonds chaleur),266
Etude faisabilité récupération de chaleur fatale pour chauffer un nouveau batiment,10812,Financer une étude de faisabilité de récupération de chaleur fatale,268
Etude de faisabilité récupération de chaleur fatale pour le chauffage du bâtiment de production sur,10835,Financer une étude de faisabilité de récupération de chaleur fatale,268
Réalisation d'une étude de faisabilité pour une installation de chauffage par géothermie du bâtiment,10846,Tester l’intérêt de la géothermie sur champs de sondes pour le chauffage des bâtiments,269
Etude de faisabilité de chaufferie biomasse avec réseau de chaleur et possibilité de récupération de,10850,Financer des études de faisabilité chaufferie biomasse (Fonds chaleur),266
étude de faisabilité d'un projet de chaufferie biomasse et un réseau de chaleur pour le groupe scola,10881,Financer des études de faisabilité chaufferie biomasse (Fonds chaleur),266
3 études de faisabilité de réseaux de chaleur biomasse,10891,Financer des études de faisabilité chaufferie biomasse (Fonds chaleur),266
3 études de faisabilité de réseaux de chaleur biomasse,10891,Financer une étude de faisabilité de récupération de chaleur fatale,268
Réalisation d'une étude de faisabilité solaire thermique pour la production d'eau chaude pour un éle,10904,Financer une étude de faisabilité pour une installation solaire thermique,395
étude de faisabilité d'une récupération de chaleur fatale sur l'extraction d'air en sortie des chemi,10913,Financer une étude de faisabilité de récupération de chaleur fatale,268
Etude de faisabilité Chaudière biomasse,10919,Financer des études de faisabilité chaufferie biomasse (Fonds chaleur),266
PROMETHEE - étude de faisabilité pour une valorisation de chaleur fatale de data center via boucle d,10970,Financer une étude de faisabilité de récupération de chaleur fatale,268
Etude de faisabilité pour l'installation d'une chaufferie bois à Angers (49),11016,Financer des études de faisabilité chaufferie biomasse (Fonds chaleur),266
Etude de faisabilité et test de réponse thermique pour installation géothermique à Montreuil-Juigné,11027,Tester l’intérêt de la géothermie sur champs de sondes pour le chauffage des bâtiments,269
Etude de faisabilité pour une installation géothermique à Crosmières (72),11060,Tester l’intérêt de la géothermie sur champs de sondes pour le chauffage des bâtiments,269
Étude de faisabilité solaire thermique à Nantes (44),11068,Financer une étude de faisabilité pour une installation solaire thermique,395
Etude de faisabilité chaufferie bois à Arnage (72),11071,Financer des études de faisabilité chaufferie biomasse (Fonds chaleur),266
Réalisation d'une étude de faisabilité pour une installation de géothermie d'une médiathèque à Pont de Beauvoisin (38).,11083,Tester l’intérêt de la géothermie sur champs de sondes pour le chauffage des bâtiments,269
Solaire thermique - étude de faisabilité d'une installation collective de production d'eau chaude so,11105,Financer une étude de faisabilité pour une installation solaire thermique,395
Réalisation d'une étude de faisabilité pour une installation de géothermie sur nappe à Maringues (63).,11109,Tester l’intérêt de la géothermie sur champs de sondes pour le chauffage des bâtiments,269
Etude de faisabilité Chaleur Fatale à Chatillon sur Chalaronne (01)  /,11111,Financer une étude de faisabilité de récupération de chaleur fatale,268
Réalisation d'une étude de faisabilité pour une installation de géothermie sur sondes pour la rénova,11126,Tester l’intérêt de la géothermie sur champs de sondes pour le chauffage des bâtiments,269
Etude Chaufferie bois,11178,Financer des études de faisabilité chaufferie biomasse (Fonds chaleur),266
Etudes préalables investissements déchèterie professionnelle à Baneins (01),11186,Financer des études préalables aux investissements dans les déchetteries professionnelles,180
"Installation solaire thermique ECS ""Pavade""",11234,Financer les installations de production d'eau chaude solaire,275
réalisation d'une étude de faisabilité chaufferie bois,11271,Financer des études de faisabilité chaufferie biomasse (Fonds chaleur),266
Etude de faisabilité d'un réseau de chaleur urbain,11284,Financer une étude de faisabilité de récupération de chaleur fatale,268
AUDIT ENERGETIQIUE,11301,Financer des audits énergétiques en entreprise et industrie,161
Etude de faisabilité chaufferie bois à Loué (72),11330,Financer des études de faisabilité chaufferie biomasse (Fonds chaleur),266
Etude de faisabilité pour la création d'un réseau de chaleur et d'une chaufferie biomasse,11340,Financer des études de faisabilité chaufferie biomasse (Fonds chaleur),266
Etude de faisabilité : chaufferie bois,11349,Financer des études de faisabilité chaufferie biomasse (Fonds chaleur),266
Etude de faisabilité de récupération de chaleur fatale sur le site de Caudebec Les Elbeuf (76),11579,Financer une étude de faisabilité de récupération de chaleur fatale,268
"Réemploi, réparation et réutilisation de produits équestres.",11941,"Financer des équipements de réemploi, réparation et réutilisation",191
Animation Bio,12072,Financer les actions en faveur du changement de mentalité en faveur de la transition écologique (action ponctuelle ou recrutement),46
Développement de la démarche d'écologie industrielle et territorial,12304,Financer les études de préfiguration d'une démarche d'écologie industrielle et territoriale,203
Création d'une conserverie locale solidaire permettant de lutter contre le gaspillage alimentaire,12587,Financer les équipements de lutte contre le gaspillage,190
Création d'une conserverie locale solidaire permettant de lutter contre le gaspillage alimentaire,12588,Financer les équipements de lutte contre le gaspillage,190
Création d'une déchèterie professionnelle,12605,Subventionner la construction et moderniser des déchèteries professionnelles,40
Création d'une déchèterie professionnelle,12606,Subventionner la construction et moderniser des déchèteries professionnelles,40
